{
  "metadata": {
    "cutoff_year": 2020,
    "num_species": 10,
    "species": [
      "African Elephant",
      "Asian Elephant",
      "Asiatic Lion",
      "Bengal Tiger",
      "California Condor",
      "Ganges River Dolphin",
      "Gharial",
      "Giant Panda",
      "Great Indian Bustard",
      "Indian Rhinoceros"
    ]
  },
  "task_a_forecasting": {
    "Prophet": {
      "avg_rmse": 1424.0958493791788,
      "avg_mae": 1421.0738099729174,
      "avg_mape": 19.042932730344695,
      "per_species": {
        "African Elephant": {
          "rmse": 10853.7228,
          "mae": 10853.1494,
          "mape": 2.6152,
          "actual": [
            415000,
            415000
          ],
          "predicted": [
            404035.2928578385,
            404258.4082496502
          ]
        },
        "Asian Elephant": {
          "rmse": 874.4828,
          "mae": 861.6218,
          "mape": 3.7727,
          "actual": [
            23419,
            22446
          ],
          "predicted": [
            24131.195689942917,
            23457.047819728523
          ]
        },
        "Asiatic Lion": {
          "rmse": 3.092,
          "mae": 2.862,
          "mape": 0.374,
          "actual": [
            706,
            737,
            768,
            800
          ],
          "predicted": [
            704.4641863053564,
            734.7467161244255,
            765.0292459434947,
            795.311775762564
          ]
        },
        "Bengal Tiger": {
          "rmse": 3.973,
          "mae": 3.8956,
          "mape": 0.108,
          "actual": [
            3503,
            3682
          ],
          "predicted": [
            3506.114951728706,
            3686.676250786227
          ]
        },
        "California Condor": {
          "rmse": 9.0362,
          "mae": 8.0687,
          "mape": 1.4684,
          "actual": [
            523,
            542,
            561
          ],
          "predicted": [
            519.9136200096776,
            533.9312858556642,
            547.9489517016505
          ]
        },
        "Ganges River Dolphin": {
          "rmse": 1060.5462,
          "mae": 1057.5354,
          "mape": 26.8326,
          "actual": [
            3875,
            4000
          ],
          "predicted": [
            2897.3211514769596,
            2862.608079250256
          ]
        },
        "Gharial": {
          "rmse": 1318.6204,
          "mae": 1317.3974,
          "mape": 136.484,
          "actual": [
            930,
            1000
          ],
          "predicted": [
            -330.6189214604835,
            -374.175874165503
          ]
        },
        "Giant Panda": {
          "rmse": 34.9847,
          "mae": 34.9425,
          "mape": 1.8574,
          "actual": [
            1864,
            1876,
            1888,
            1900
          ],
          "predicted": [
            1901.2475738349233,
            1911.7108630536352,
            1922.174152272347,
            1932.6374414910588
          ]
        },
        "Great Indian Bustard": {
          "rmse": 23.5451,
          "mae": 23.1497,
          "mape": 15.6949,
          "actual": [
            144,
            150
          ],
          "predicted": [
            125.14723151422672,
            122.55346473679884
          ]
        },
        "Indian Rhinoceros": {
          "rmse": 58.9554,
          "mae": 48.1156,
          "mape": 1.222,
          "actual": [
            3700,
            3805,
            3909,
            4014
          ],
          "predicted": [
            3706.3376748726964,
            3776.814701726397,
            3847.2917285800963,
            3917.7687554337963
          ]
        }
      }
    },
    "ARIMA": {
      "avg_rmse": 1258.1079089173375,
      "avg_mae": 1198.537391647341,
      "avg_mape": 1.7939962693693505,
      "per_species": {
        "African Elephant": {
          "rmse": 10810.7084,
          "mae": 10327.9647,
          "mape": 2.4887,
          "actual": [
            415000,
            415000
          ],
          "predicted": [
            422133.5067710104,
            428522.42260094656
          ]
        },
        "Asian Elephant": {
          "rmse": 1537.0424,
          "mae": 1458.1665,
          "mape": 6.4064,
          "actual": [
            23419,
            22446
          ],
          "predicted": [
            24391.11084781222,
            24390.222070434913
          ]
        },
        "Asiatic Lion": {
          "rmse": 6.5468,
          "mae": 5.8713,
          "mape": 0.764,
          "actual": [
            706,
            737,
            768,
            800
          ],
          "predicted": [
            703.5615441838098,
            732.710153868598,
            761.4515971867538,
            789.7915616977151
          ]
        },
        "Bengal Tiger": {
          "rmse": 6.6857,
          "mae": 6.0784,
          "mape": 0.1674,
          "actual": [
            3503,
            3682
          ],
          "predicted": [
            3499.7057625639354,
            3673.137370196121
          ]
        },
        "California Condor": {
          "rmse": 13.7671,
          "mae": 12.6967,
          "mape": 2.3163,
          "actual": [
            523,
            542,
            561
          ],
          "predicted": [
            516.7880506019198,
            529.3706995882152,
            541.7512461187825
          ]
        },
        "Ganges River Dolphin": {
          "rmse": 70.6324,
          "mae": 63.6226,
          "mape": 1.6038,
          "actual": [
            3875,
            4000
          ],
          "predicted": [
            3842.054641238624,
            3905.700131456128
          ]
        },
        "Gharial": {
          "rmse": 7.7895,
          "mae": 6.9748,
          "mape": 0.7107,
          "actual": [
            930,
            1000
          ],
          "predicted": [
            926.4933533681041,
            989.5570724569778
          ]
        },
        "Giant Panda": {
          "rmse": 22.4499,
          "mae": 18.0,
          "mape": 0.9514,
          "actual": [
            1864,
            1876,
            1888,
            1900
          ],
          "predicted": [
            1864.0000000264263,
            1864.000000050532,
            1864.0000000725208,
            1864.0000000925788
          ]
        },
        "Great Indian Bustard": {
          "rmse": 0.7554,
          "mae": 0.5414,
          "mape": 0.3611,
          "actual": [
            144,
            150
          ],
          "predicted": [
            143.9855090585555,
            148.93175313709978
          ]
        },
        "Indian Rhinoceros": {
          "rmse": 104.7014,
          "mae": 85.4576,
          "mape": 2.1701,
          "actual": [
            3700,
            3805,
            3909,
            4014
          ],
          "predicted": [
            3693.4336487781434,
            3748.6273777528486,
            3799.035515929588,
            3845.072999564908
          ]
        }
      }
    },
    "LSTM_Forecast": {
      "avg_rmse": 931.6447980902891,
      "avg_mae": 898.3658147030798,
      "avg_mape": 7.700355993951858,
      "per_species": {
        "African Elephant": {
          "rmse": 6789.7641,
          "mae": 6727.438,
          "mape": 1.6211,
          "actual": [
            415000,
            415000
          ],
          "predicted": [
            409190.42656802124,
            407354.6975193434
          ]
        },
        "Asian Elephant": {
          "rmse": 1145.5759,
          "mae": 1002.7793,
          "mape": 4.426,
          "actual": [
            23419,
            22446
          ],
          "predicted": [
            23867.904048087705,
            24002.654504703103
          ]
        },
        "Asiatic Lion": {
          "rmse": 194.1767,
          "mae": 156.2636,
          "mape": 20.1138,